Date,Open,High,Low,Close,Volume,Adjustment
12-29-17,1182.35,1184,1169.08,1169.47,1449481,
12-28-17,1189,1190.1,1184.38,1186.1,1159397,
12-27-17,1180.74,1187.29,1175.61,1182.26,1153860,
12-26-17,1168.94,1178.32,1160.55,1176.76,1308520,
12-22-17,1172.08,1174.62,1167.83,1168.36,984087,
12-21-17,1175.9,1179.17,1167.64,1174.76,1272148,
12-20-17,1190.8,1191.01,1176,1177.62,1392857,
12-19-17,1189.15,1192.97,1179.14,1187.38,1591319,
12-18-17,1187.37,1194.78,1180.9,1190.58,1767033,
12-15-17,1177.85,1182.75,1169.33,1179.14,2619524,
12-14-17,1163.71,1177.93,1162.45,1174.26,2057530,
12-13-17,1170,1170.87,1160.26,1164.13,1575709,
12-12-17,1166.51,1173.6,1161.61,1165.08,1406858,
12-11-17,1164.6,1169.9,1156.99,1168.92,1428766,
12-08-17,1170.4,1172.79,1157.1,1162,1896684,
12-07-17,1156.59,1163.2,1151,1159.79,1584302,
12-06-17,1138.58,1155.89,1136.08,1152.35,1818376,
12-05-17,1128.25,1159.27,1124.74,1141.57,2785094,
12-04-17,1173.85,1175.2,1128,1133.95,4063339,
12-01-17,1172.05,1179.65,1152,1162.35,2627372,
11-30-17,1167.1,1178.58,1160,1176.75,2646396,
11-29-17,1194.8,1194.8,1145.19,1161.27,6479516,
11-28-17,1204.6,1205.35,1188.52,1193.6,2967707,
11-27-17,1202.66,1213.41,1191.14,1195.83,4492918,
11-24-17,1160.7,1186.85,1160.7,1186,2303346,
11-22-17,1141,1160.27,1140.99,1156.16,2435473,
11-21-17,1132.59,1140,1128.2,1139.49,1517699,
11-20-17,1129.77,1133.42,1122.55,1126.31,1305849,
11-17-17,1138.26,1138.8,1125.81,1129.88,1479078,
11-16-17,1130.16,1138.11,1130.05,1137.29,1360862,
11-15-17,1127.01,1131.75,1121.63,1126.69,2676398,
11-14-17,1130.11,1138,1123.89,1136.84,2100335,
11-13-17,1123,1139.9,1122.34,1129.17,1972786,
11-10-17,1125.5,1131.75,1124.06,1125.35,1380834,
11-09-17,1127.41,1129.63,1115.77,1129.13,2277401,
11-08-17,1122.23,1135.54,1119.11,1132.88,1683368,
11-07-17,1124.74,1130.6,1117.5,1123.17,1774411,
11-06-17,1109.15,1125.41,1108.77,1120.66,2159162,
11-03-17,1090.7,1112.68,1088.51,1111.6,2476986,
11-02-17,1097.81,1101.94,1086.86,1094.22,2519716,
11-01-17,1105.4,1108.97,1096.74,1103.68,2480882,
10-31-17,1109,1110.54,1101.12,1105.28,2283191,
10-30-17,1095.42,1122.79,1093.56,1110.85,4456841,
10-27-17,1057.03,1105.59,1050.55,1100.95,11125360,
10-26-17,980.33,982.9,968.55,972.43,2372049,
10-25-17,978,984.44,966.24,972.91,1990381,
10-24-17,969,979.85,965,975.9,1741769,
10-23-17,986.73,986.78,962.49,966.3,2330918,
10-20-17,993.53,994.63,982,982.91,1396339,
10-19-17,990.33,991.05,980.24,986.61,1959484,
10-18-17,1009.27,1022.31,996.55,997,1707200,
10-17-17,1005.59,1011.47,1004.38,1009.13,1485684,
10-16-17,1008.8,1009.58,1001.04,1006.34,1353248,
10-13-17,1007,1007.77,1001.03,1002.94,1582795,
10-12-17,996.85,1008.44,992.4,1000.93,2798540,
10-11-17,991.27,995.51,986.69,995,1557083,
10-10-17,996.67,997.95,980.09,987.2,2188982,
10-09-17,993.24,998.5,987.5,990.99,2023173,
10-06-17,975.64,995.75,975.64,989.58,2658320,
10-05-17,970,981.51,969.64,980.85,2023145,
10-04-17,954.21,967.79,954.05,965.45,1645729,
10-03-17,958,963.69,950.37,957.1,1782776,
10-02-17,964,967.31,952.12,959.19,1609482,
09-29-17,959.7,964.83,958.37,961.35,1494020,
09-28-17,951.11,959.7,950.1,956.4,1617134,
09-27-17,948,955.3,943.3,950.87,2037117,
09-26-17,945.49,948.63,931.75,938.6,2228614,
09-25-17,949.31,949.42,932.89,939.79,3238699,
09-22-17,961.01,965.61,954.42,955.1,1715585,
09-21-17,971.31,971.7,962.02,964.65,1452896,
09-20-17,971.79,974.81,962.16,973.21,1858400,
09-19-17,977.25,978.24,967.46,969.86,1643669,
09-18-17,990.4,992.8,968.17,974.19,2194584,
09-15-17,991.87,996.25,984.03,986.79,2334051,
09-14-17,996.8,998.56,987.74,992.21,2436115,
09-13-17,982.5,1000,979.42,999.6,2162172,
09-12-17,983.27,984.68,975.51,982.58,1634350,
09-11-17,974.46,981.94,974.22,977.96,1309111,
09-08-17,979.1,979.88,963.47,965.9,1626118,
09-07-17,974,980.59,972.55,979.47,1614781,
09-06-17,968.32,971.84,960.6,967.8,1366516,
09-05-17,975.4,976.77,960.37,965.27,1812402,
09-01-17,984.2,984.5,976.87,978.25,1445977,
08-31-17,974.7,981,972.76,980.6,1846784,
08-30-17,958.44,969.41,956.9,967.59,1721949,
08-29-17,940,956,936.33,954.06,1735974,
08-28-17,946.54,953,942.25,946.02,1499606,
08-25-17,956,957.63,944.1,945.26,2092540,
08-24-17,957.42,959,941.14,952.45,3349579,
08-23-17,959.38,962,954.2,958,1579322,
08-22-17,956.1,967.93,955.52,966.9,1759386,
08-21-17,957.57,961.2,945.46,953.29,1861470,
08-18-17,961.4,965.43,954.65,958.47,2127143,
08-17-17,977.84,977.84,960.32,960.57,2221644,
08-16-17,981.65,986.47,973.22,978.18,1910369,
08-15-17,988.9,991.75,982,982.74,1721707,
08-14-17,978.42,985.51,976.19,983.3,2076081,
08-11-17,960.07,970.39,951.37,967.99,2244194,
08-10-17,976.3,979.86,954.68,956.92,3698022,
08-09-17,982.6,988,975.27,982.01,2271873,
08-08-17,994.35,996.28,985.79,989.84,1883074,
08-07-17,990.65,995,987.14,992.27,1753691,
08-04-17,989.68,991.68,982,987.58,1850318,
08-03-17,999.47,999.51,984.59,986.92,2108352,
08-02-17,1001.77,1003.21,981.73,995.89,2718247,
08-01-17,996.11,1006.4,991.58,996.19,2947038,
07-31-17,1019.05,1019.05,987.02,987.78,4887362,
07-28-17,1011.9,1032.85,1001,1020.04,4903114,
07-27-17,1069.73,1083.31,1040.17,1046,6666713,
07-26-17,1043.2,1053.2,1043.2,1052.8,1799775,
07-25-17,1038.05,1043.34,1032.48,1039.87,1491183,
07-24-17,1028.34,1043.01,1027.42,1038.95,1966399,
07-21-17,1021.94,1026.1,1011,1025.67,1691078,
07-20-17,1031.59,1034.97,1022.51,1028.7,1927162,
07-19-17,1025,1031.59,1022.49,1026.87,2021577,
07-18-17,1006,1026.03,1004,1024.45,2734790,
07-17-17,1004.69,1014.75,1003.81,1010.04,2281071,
07-14-17,1002.4,1004.45,996.89,1001.81,1343406,
07-13-17,1004.41,1006.88,995.9,1000.63,1864764,
07-12-17,1000.65,1008.55,998.1,1006.51,2395376,
07-11-17,993.45,995.99,983.72,994.13,2000352,
07-10-17,985,999.44,983.5,996.47,2300079,
07-07-17,969.55,980.11,969.14,978.76,1722185,
07-06-17,964.66,974.4,959.02,965.14,2217027,
07-05-17,961.08,975,955.25,971.4,2478784,
07-03-17,972.49,974.49,951,953.66,1945486,
06-30-17,980.12,983.47,967.61,968,2236087,
06-29-17,980.13,987.56,965.25,975.93,2848529,
06-28-17,978.94,990.68,969.21,990.33,2504093,
06-27-17,990.69,998.8,976,976.78,2547706,
06-26-17,1008.5,1009.8,992,993.98,2296456,
06-23-17,1002.23,1004.63,998.02,1003.74,1567578,
06-22-17,1002.23,1006.96,997.2,1001.3,1529152,
06-21-17,998.7,1002.72,992.65,1002.23,2009060,
06-20-17,998,1004.88,992.02,992.59,2947735,
06-19-17,1017,1017,989.9,995.17,3360227,
06-16-17,995.21,999.75,982,987.71,7789309,
06-15-17,955.42,965.73,950.86,964.17,3820696,
06-14-17,988.58,990.34,966.71,976.47,2763841,
06-13-17,977.99,984.5,966.1,980.79,3123922,
06-12-17,967.31,975.95,945,964.91,6801392,
06-09-17,1012.49,1012.99,927,978.31,5218822,
06-08-17,1012.06,1013.61,1006.11,1010.27,1825291,
06-07-17,1006.01,1010.25,1002,1010.07,1909541,
06-06-17,1011.84,1016.5,1001.25,1003,2264501,
06-05-17,1007.22,1013.21,1003.51,1011.34,1859072,
06-02-17,998.99,1008.48,995.67,1006.73,2638959,
06-01-17,998.59,998.99,991.37,995.95,1662729,
05-31-17,1000,1000.12,982.16,994.62,2526647,
05-30-17,996.63,1001.2,995.52,996.7,2155705,
05-26-17,995,998.65,989.24,995.78,2507087,
05-25-17,984.85,999,982.11,993.38,3354037,
05-24-17,976,981,970.23,980.35,1579551,
05-23-17,975.02,975.2,966.85,971.54,1666151,
05-22-17,964,971.38,962.9,970.67,1808752,
05-19-17,963.03,968.92,959.72,959.84,2603567,
05-18-17,944.81,962.75,944.76,958.49,2663060,
05-17-17,954.12,960.4,944.12,944.76,3377402,
05-16-17,961,970.07,960.91,966.07,2096564,
05-15-17,958.73,963.15,956.05,957.97,3002809,
05-12-17,953.46,962.79,951.53,961.35,2506074,
05-11-17,945.11,950.29,940.77,947.62,1371781,
05-10-17,953.5,953.75,945,948.95,1315680,
05-09-17,952.8,957.89,950.2,952.82,2087384,
05-08-17,940.83,949.05,939.21,949.04,2379457,
05-05-17,940.65,940.79,930.3,934.15,1888077,
05-04-17,944.31,945,934.21,937.53,1588535,
05-03-17,946,946,935.9,941.03,2565631,
05-02-17,946.75,950.1,941.41,946.94,2675563,
05-01-17,930.66,954.4,927.8,948.23,3909498,
04-28-17,949.1,949.59,924.33,924.99,5248508,
04-27-17,914.19,921.86,912.11,918.38,3033127,
04-26-17,910.3,915.75,907.56,909.29,1814038,
04-25-17,907.04,909.48,903,907.62,2362244,
04-24-17,908.68,909.99,903.82,907.41,2196873,
04-21-17,902.67,903.65,896.77,898.53,1689221,
04-20-17,899.7,905.32,896.29,902.06,1929509,
04-19-17,907.64,910.5,897.36,899.2,1990827,
04-18-17,900.99,909.61,900.78,903.78,2023002,
04-17-17,887.5,902.38,887.5,901.99,1922025,
04-13-17,891.45,894.97,884.49,884.67,2297279,
04-12-17,903.09,904.09,895.25,896.23,1774316,
04-11-17,907.04,911.24,897.5,902.36,2174031,
04-10-17,899.63,908.51,899,907.04,2182323,
04-07-17,899.65,900.09,889.31,894.88,2779808,
04-06-17,913.83,917.19,894.49,898.28,4722443,
04-05-17,910.82,923.72,905.62,909.28,5584864,
04-04-17,891.5,908.54,890.28,906.83,3761871,
04-03-17,888,893.49,885.42,891.51,2405076,
03-31-17,877,890.35,876.65,886.54,2699276,
03-30-17,874.95,877.06,871.66,876.34,2005310,
03-29-17,859.9,876.44,859.02,874.32,3049753,
03-28-17,851.06,858.46,850.1,856,1977250,
03-27-17,838.07,850.3,833.5,846.82,1941551,
03-24-17,851.66,851.8,843.53,845.61,1461599,
03-23-17,848.2,850.89,844.8,847.38,1171053,
03-22-17,840.43,849.37,839.05,848.06,1882122,
03-21-17,858.84,862.8,841.31,843.2,3163749,
03-20-17,851.51,857.8,851.01,856.97,1639239,
03-17-17,853.45,853.83,850.64,852.31,2010258,
03-16-17,855.3,855.51,850.51,853.42,1250446,
03-15-17,854.33,854.45,847.11,852.97,1776242,
03-14-17,853.55,853.75,847.55,852.53,1396853,
03-13-17,851.77,855.69,851.71,854.59,1258288,
03-10-17,856.82,857.35,851.72,852.46,1598977,
03-09-17,851,856.4,850.31,853,1352961,
03-08-17,848,853.07,846.79,850.5,1545036,
03-07-17,845.48,848.46,843.75,846.02,1552612,
03-06-17,845.22,848.49,841.12,846.61,1740247,
03-03-17,847.2,851.99,846.27,849.88,1300498,
03-02-17,853.08,854.82,847.28,848.91,1465858,
03-01-17,853.05,854.83,849.01,853.08,1780613,
02-28-17,851.45,854.09,842.05,845.04,1867681,
02-27-17,842.21,852.5,839.67,848.64,1857136,
02-24-17,845,845.81,837.75,845.24,2637694,
02-23-17,857.57,860.86,848,852.19,2437613,
02-22-17,856.95,858.43,852.18,855.61,1801917,
02-21-17,848.84,857.98,847.25,856.44,2333892,
02-17-17,842,847.27,840.73,845.07,2047764,
02-16-17,841.84,845,839.37,844.14,1919542,
02-15-17,834,842.81,832.81,842.7,2087578,
02-14-17,837,838.31,831.45,836.39,1748632,
02-13-17,831.62,843,828.55,836.53,3011352,
02-10-17,823.82,828,822.85,827.46,1592621,
02-09-17,821.6,825,819.71,821.36,1648568,
02-08-17,812.69,821.48,812.49,819.71,1966070,
02-07-17,809.31,816.16,807.5,812.5,2563108,
02-06-17,809.8,810.72,803,807.64,2632498,
02-03-17,806.35,818.3,804,810.2,7601970,
02-02-17,836.59,842.49,828.25,839.95,4054940,
02-01-17,829.39,833.78,824.94,832.35,2720344,
01-31-17,823.84,826.99,819.56,823.48,2153153,
01-30-17,833,833.51,816.38,830.38,2641984,
01-27-17,839,839.7,829.44,835.77,2066479,
01-26-17,835.53,843.84,833,839.15,2564238,
01-25-17,825.79,837.42,825.28,836.52,2799331,
01-24-17,822,823.99,814.49,822.44,2114517,
01-23-17,806.8,818.5,805.08,817.88,1835792,
01-20-17,815.24,816.02,806.25,808.33,2307617,
01-19-17,810,813.51,807.32,809.04,1720633,
01-18-17,809.5,811.73,804.27,807.48,1616353,
01-17-17,815.7,816,803.44,809.72,2508458,
01-13-17,814.32,821.65,811.4,817.14,2762463,
01-12-17,800.31,814.13,799.5,813.64,3610360,
01-11-17,793.66,799.51,789.51,799.02,2103978,
01-10-17,796.6,798,789.54,795.9,1759185,
01-09-17,798,801.78,791.77,796.92,2550716,
01-06-17,782.28,799.44,778.48,795.99,4559645,
01-05-17,761.55,782.4,760.25,780.45,4401014,
01-04-17,758.24,759.68,754.2,757.18,1671544,
01-03-17,757.92,758.76,747.7,753.67,2511913,
12-30-16,766.47,767.4,748.28,749.87,2783126,
12-29-16,772.4,773.4,760.85,765.15,2379201,
12-28-16,776.25,780,770.49,772.13,2449867,
12-27-16,763.4,774.65,761.2,771.4,1975681,
12-23-16,764.55,766.5,757.99,760.59,1440268,
12-22-16,768.13,771.21,763.02,766.34,1721928,
12-21-16,770,771.22,765.7,770.6,1482646,
12-20-16,768.65,774.39,767.71,771.22,1893511,
12-19-16,758.89,770.5,756.16,766,2292105,
12-16-16,764.09,765.13,754,757.77,3190406,
12-15-16,766.82,769.1,760.31,761,2748417,
12-14-16,778.25,780.86,762.81,768.82,3983496,
12-13-16,764.84,782.46,762,774.34,3929094,
12-12-16,766.4,766.89,757.2,760.12,2045147,
12-09-16,770,770.25,765.34,768.66,1656875,
12-08-16,771.87,773.79,765.19,767.33,2323711,
12-07-16,764.54,770.42,755.82,770.42,2557731,
12-06-16,763.98,768.24,757.25,764.72,2774818,
12-05-16,745,761.49,742,759.36,3124763,
12-02-16,743.59,748.5,736.7,740.34,2597608,
12-01-16,752.41,753.37,738.03,743.65,3449822,
11-30-16,762.34,768.09,750.25,750.57,3133220,
11-29-16,768,769.89,761.32,762.52,2271947,
11-28-16,776.99,777,764.24,766.77,3077607,
11-25-16,786.5,786.75,777.9,780.37,1310495,
11-23-16,781.74,781.75,773.12,780.12,2503759,
11-22-16,788.07,792.4,781,785.33,3848558,
11-21-16,766,780.35,765.11,780,3273532,
11-18-16,761,767.75,757.64,760.16,3132596,
11-17-16,749.32,757.51,748,756.4,2674630,
11-16-16,739.37,749.87,735.61,746.49,2642714,
11-15-16,729.97,746.78,725.99,743.24,4972783,
11-14-16,746.2,746.2,710.1,719.07,5526704,
11-11-16,735.73,743.26,728.9,739.01,5127919,
11-10-16,778.81,778.83,717.7,742.38,9767340,
11-09-16,764.01,777.51,760.09,771.88,6009936,
11-08-16,784.97,791.74,779.1,787.75,2455575,
11-07-16,771.57,787.74,770.94,784.93,4439079,
11-04-16,762.79,766,753.23,755.05,3795426,
11-03-16,765.36,777,764,767.03,2874237,
11-02-16,783.93,784.75,763.55,765.56,3453741,
11-01-16,798.88,800.84,776.71,785.41,3921606,
10-31-16,781.03,793.7,780.11,789.82,3825585,
10-28-16,781.98,789.49,774.61,776.32,7291456,
10-27-16,831.25,831.72,815.43,818.36,4030339,
10-26-16,832.32,833.44,820,822.59,2828958,
10-25-16,839.3,843.09,833.22,835.18,2371450,
10-24-16,824.41,838.3,822.21,838.09,2818313,
10-21-16,809.36,819.42,809,818.99,1908120,
10-20-16,813.97,815.71,803.1,810.32,2211287,
10-19-16,820.4,820.67,815.17,817.69,1423803,
10-18-16,822.11,823.26,815.02,817.65,1768976,
10-17-16,821.5,822,811.68,812.95,2396628,
10-14-16,835.18,835.74,823,822.96,2119125,
10-13-16,829,831.8,821.21,829.28,2125914,
10-12-16,834,837.67,830.1,834.09,1603738,
10-11-16,840.8,841.29,828.35,831,2548107,
10-10-16,843.29,845.2,840.27,841.71,1290471,
10-07-16,845.78,845.95,837.45,839.43,1766011,
10-06-16,843.7,847.21,840.6,841.66,1934530,
10-05-16,838,845.67,836.12,844.36,2450243,
10-04-16,840.82,842.37,830.26,834.03,2117714,
10-03-16,835.11,839.86,831.25,836.74,1976682,
09-30-16,832.63,839.95,832.4,837.31,2845098,
09-29-16,830.86,837.5,824.63,829.05,3711400,
09-28-16,817.78,830.14,817.03,828.72,3198944,
09-27-16,801.85,816.64,801.11,816.11,2565596,
09-26-16,801.8,805.93,797.14,799.16,1839330,
09-23-16,803.13,807.75,802.12,805.75,1627398,
09-22-16,794.93,805.89,794.27,804.7,2900081,
09-21-16,782.53,790.69,779.01,789.74,1638968,
09-20-16,778.57,781.37,776,780.22,1308236,
09-19-16,779.97,781.94,771,775.1,1543176,
09-16-16,773.11,780.46,771.66,778.52,3145017,
09-15-16,762,770.87,757.58,769.69,2190612,
09-14-16,762.26,767.5,758.85,761.09,1719591,
09-13-16,768.77,769.89,759.05,761.01,2142272,
09-12-16,757.7,772.66,756,771.49,2111548,
09-09-16,779.49,781,760.11,760.14,2833195,
09-08-16,783.9,786.5,781.44,784.06,1280629,
09-07-16,789.6,790.79,784.33,784.48,1675788,
09-06-16,774,789.48,770.22,788.87,2601426,
09-02-16,774.46,776,771.7,772.44,1414898,
09-01-16,770.9,772.04,766.75,770.62,1159257,
08-31-16,766.6,769.64,764,769.16,1043483,
08-30-16,771,771.84,765.56,767.58,1219519,
08-29-16,768.72,774.98,768.6,771.29,1517139,
08-26-16,760,770,759.79,769,1964176,
08-25-16,756,760.56,754.74,759.22,1058938,
08-24-16,763.16,763.5,755.36,757.25,1179220,
08-23-16,763.1,764.7,761,762.45,938651,
08-22-16,757.42,759.85,752.1,759.48,1169863,
08-19-16,762.62,762.63,756.89,757.31,1658865,
08-18-16,763.07,765.17,760.6,764.46,822781,
08-17-16,764.46,765.22,759.19,764.63,1282958,
08-16-16,768.59,768.74,763.82,764.04,1020854,
08-15-16,772.11,772.11,767.71,768.49,1448883,
08-12-16,768.68,773.15,768.42,772.56,1022358,
08-11-16,769.89,773.75,769.12,771.24,1373954,
08-10-16,769.8,772.1,766.19,768.56,1138493,
08-09-16,767.39,772.6,766.9,768.31,1309308,
08-08-16,766.81,767,761.01,766.56,1248853,
08-05-16,764.8,768.47,763.09,765.98,1751632,
08-04-16,753.7,765,750.35,760.77,2480106,
08-03-16,757.3,758.89,752.25,754.64,2657609,
08-02-16,763.82,765.01,757.02,760.58,2583306,
08-01-16,759.32,770.5,757.06,767.74,2602574,
07-29-16,765.25,766,755,758.81,4800255,
07-28-16,746.14,753.36,739.7,752.61,3789713,
07-27-16,737.85,740.94,733.86,736.67,1867133,
07-26-16,742.77,743.13,732.75,735.59,1621152,
07-25-16,746.55,748.5,735.35,739.61,1846612,
07-22-16,747.79,751.28,743.53,744.86,1601812,
07-21-16,746.65,749.36,742.79,744.43,1655135,
07-20-16,744,746.25,740.7,745.72,1509376,
07-19-16,732.5,743.33,732.31,739.95,1568345,
07-18-16,735.49,741.6,728.72,736.07,2089823,
07-15-16,746.2,746.55,734.05,735.44,2200079,
07-14-16,748.86,749.04,739.02,741.2,1673802,
07-13-16,746.76,756.87,741.25,742.63,3222352,
07-12-16,756.95,757.34,740.33,748.21,4258716,
07-11-16,750,755.9,747,753.78,2174607,
07-08-16,740.15,746.1,738,745.81,2364426,
07-07-16,739.33,739.55,731.63,736.57,2107836,
07-06-16,725.71,737.77,722.58,737.61,2810548,
07-05-16,722.8,728.11,719.61,728.1,1587816,
07-01-16,717.01,728,716.54,725.68,2012578,
06-30-16,717.2,719.37,712.54,715.62,1801357,
06-29-16,715.75,719.5,713.54,715.6,2042784,
06-28-16,700,708,698.17,707.95,2679990,
06-27-16,692.01,696.82,682.11,691.36,3771413,
06-24-16,693,712.53,692.2,698.96,4743011,
06-23-16,715.51,722.12,712.5,722.08,1913436,
06-22-16,716.58,717,707.56,710.6,1496521,
06-21-16,715.72,718.4,712.72,715.82,1391431,
06-20-16,713.5,721.31,710.81,714.01,2412813,
06-17-16,718.19,718.2,699.18,706.39,3324805,
06-16-16,712.05,718,705.3,717.51,2106274,
06-15-16,722,722.56,713.35,714.26,1670339,
06-14-16,712.57,720.81,712.27,719.3,1702899,
06-13-16,713.31,721.99,711.16,715.24,2056570,
06-10-16,722.35,724.98,714.21,717.91,2447153,
06-09-16,723.1,728.91,722.3,727.65,1506480,
06-08-16,726.4,729.42,721.6,726.64,1515687,
06-07-16,729.89,730,720.55,723.74,1864917,
06-06-16,726.5,731.5,724.42,726.73,1811726,
06-03-16,726.74,727,718.43,725.54,2347997,
06-02-16,720.97,728.28,715.5,728.24,2224004,
06-01-16,720.9,726.43,718.22,719.44,2338928,
05-31-16,712.33,724.23,711.32,722.79,2412771,
05-27-16,715,716.6,711.1,712.24,1634570,
05-26-16,708.33,715,707.29,714.91,1745060,
05-25-16,708,710.86,705.51,708.35,2217236,
05-24-16,698.01,707.5,698,704.2,2020844,
05-23-16,704.25,706,696.42,696.75,1856372,
05-20-16,701.05,707.24,700,702.8,1997888,
05-19-16,691.88,699.4,689.56,698.52,2284054,
05-18-16,689.56,702.54,688.76,697.45,2956388,
05-17-16,709.9,714.47,693.91,695.27,3691070,
05-16-16,710.13,713.25,700.28,710.66,4091834,
05-13-16,714.64,719.25,706.51,709.92,3421947,
05-12-16,717.38,722.45,711.51,717.93,3642927,
05-11-16,705.79,719,701.65,713.23,5622799,
05-10-16,694,704.55,693.5,703.07,4534566,
05-09-16,673.95,686.98,671.41,679.75,2968549,
05-06-16,656.05,676.95,656.01,673.95,3141672,
05-05-16,673.31,676.49,656,659.09,3586257,
05-04-16,662.59,674,662.14,670.9,3413731,
05-03-16,677.36,680.3,670.43,671.32,3647569,
05-02-16,663.92,685.5,662.02,683.85,4816440,
04-29-16,669.27,669.98,654,659.59,7323180,
04-28-16,615.54,626.8,599.2,602,4057949,
04-27-16,611.8,615.95,601.28,606.57,2808036,
04-26-16,626.17,626.76,614.88,616.88,1739611,
04-25-16,616.61,626.98,616.25,626.2,1772192,
04-22-16,623.57,628.25,611.56,620.5,3649173,
04-21-16,631.1,637.82,628.5,631,1807826,
04-20-16,630,636.55,623,632.99,1802257,
04-19-16,637.14,638.01,620.8,627.9,3051352,
04-18-16,625.35,637.64,624.96,635.35,3065694,
04-15-16,621.92,626.77,618.11,625.89,2034964,
04-14-16,615.07,624.38,615.07,620.75,2240922,
04-13-16,607.68,616.81,605.29,614.82,3013306,
04-12-16,598.4,604.06,592.31,603.17,1867680,
04-11-16,596.14,604,594.91,595.93,1898534,
04-08-16,594.32,597.86,589,594.6,1942544,
04-07-16,598.76,599.6,589.08,591.43,2273053,
04-06-16,587.52,602.39,587.5,602.08,2113587,
04-05-16,590.77,593.47,585.25,586.14,1564442,
04-04-16,599,599.5,590.55,593.19,1823570,
04-01-16,590.49,599.03,588.3,598.5,2049021,
03-31-16,599.28,600.75,592.21,593.64,1843610,
03-30-16,596.71,603.24,595,598.69,2961385,
03-29-16,580.15,595.85,576.5,593.86,3217172,
03-28-16,584.4,584.75,575.56,579.87,2394743,
03-24-16,567.11,583.55,567.08,582.95,3765404,
03-23-16,560.67,572.48,558.1,569.63,3073916,
03-22-16,545.11,562.76,545.05,560.48,2954848,
03-21-16,548.91,555.24,538.58,553.98,4074092,
03-18-16,560.94,562.33,546.09,552.08,5043256,
03-17-16,569.51,571.4,555.01,559.44,4529249,
03-16-16,576.64,581.32,571.14,574.27,2673055,
03-15-16,571,581.52,567,577.02,2908217,
03-14-16,567,576.89,563.05,573.37,2556290,
03-11-16,566.95,570.06,562.73,569.61,2754935,
03-10-16,566.74,567,547.9,558.93,2872666,
03-09-16,559.56,560.35,550.12,559.47,6597002,
03-08-16,557.87,571.35,554.74,560.26,3528861,
03-07-16,573.54,573.63,555.55,562.8,3679346,
03-04-16,581.07,581.4,571.06,575.14,2455328,
03-03-16,577.96,579.87,573.11,577.49,1977621,
03-02-16,581.75,585,573.7,580.21,3421645,
03-01-16,556.32,579.25,556,579.04,3770868,
02-29-16,554,564.81,552.51,552.52,5432426,
02-26-16,560.12,562.5,553.17,555.23,3840332,
02-25-16,555.52,559.39,545.29,555.15,3603458,
02-24-16,545.75,554.27,533.15,554.04,4845503,
02-23-16,555.55,556.91,545.33,552.94,3018537,
02-22-16,542.2,560.65,541.08,559.5,4002380,
02-19-16,521.04,535.95,515.35,534.9,3599566,
02-18-16,540.5,541.2,523.73,525,3532692,
02-17-16,528.74,537.48,519.39,534.1,3604272,
02-16-16,519.51,524.45,511.66,521.1,3784882,
02-12-16,510.61,516.75,501.49,507.08,4125626,
02-11-16,491.17,509.3,484,503.82,5591485,
02-10-16,491.81,504.66,486,490.48,4747355,
02-09-16,478.19,498.38,474,482.07,5540639,
02-08-16,484.05,493.5,475.21,488.1,7773744,
02-05-16,529.28,529.45,499.32,502.13,7568096,
02-04-16,524.22,538.99,519.22,536.26,4696246,
02-03-16,553.5,556,521.9,531.07,7811577,
02-02-16,570,571.56,550.09,552.1,4615934,
02-01-16,578.15,581.8,570.31,574.81,4847989,
01-29-16,572.66,593,570,587,10483812,
01-28-16,609.17,638.06,597.55,635.35,7723967,
01-27-16,601.94,603.39,578.78,583.35,3583775,
01-26-16,603.45,604.5,590.38,601.25,2693642,
01-25-16,597.95,608.5,594.56,596.53,3062002,
01-22-16,588.73,600.1,584.1,596.38,3862489,
01-21-16,573.99,588.81,568.22,575.02,3414907,
01-20-16,564.36,578.45,547.18,571.77,5922931,
01-19-16,577.09,584,566.45,574.48,3428969,
01-15-16,572.27,584.62,565.3,570.18,5504217,
01-14-16,580.32,602.25,569.88,593,5538891,
01-13-16,620.88,620.88,579.16,581.81,5648977,
01-12-16,625.25,625.99,612.24,617.89,3395585,
01-11-16,612.48,619.85,598.57,617.74,7291230,
01-08-16,620.47,624.14,606,607.05,4004359,
01-07-16,622.07,630,605.21,607.94,5235229,
01-06-16,622.19,639.79,620.31,632.65,3863544,
01-05-16,646.86,646.91,627.65,633.79,4288182,
01-04-16,656.27,657.72,627.51,636.99,6685846,
12-31-15,686.08,687.75,675.93,675.89,2691428,
12-30-15,691.89,695.49,686.37,689.07,2619852,
12-29-15,677.98,696.44,677.88,693.97,4374747,
12-28-15,665.56,675.5,665.5,675.2,2387882,
12-24-15,663.35,664.68,660.6,662.79,761268,
12-23-15,666.09,666.6,656.63,663.7,1998595,
12-22-15,666.83,668.49,659.26,663.15,1755054,
12-21-15,668.5,669.9,658.93,664.51,2232069,
12-18-15,668.77,676.84,664.13,664.14,4166635,
12-17-15,680,682.5,670.7,670.65,2512281,
12-16-15,663.56,677.35,659.32,675.77,2774578,
12-15-15,665.72,671.5,657.35,658.64,3245966,
12-14-15,641.75,658.59,635.27,657.91,2968477,
12-11-15,651.23,657.88,639.62,640.15,3828762,
12-10-15,665.59,668.53,659.56,662.32,2531586,
12-09-15,678.07,679,655.68,664.79,3830328,
12-08-15,663.13,679.99,659.79,677.33,2678193,
12-07-15,674.74,675.46,660.5,669.83,2793838,
12-04-15,668.14,674.78,661.4,672.64,3250743,
12-03-15,679.44,682.79,661.48,666.25,3560617,
12-02-15,681.24,684.82,674.25,676.01,3092196,
12-01-15,673.75,681,667.86,679.06,3458669,
11-30-15,675.9,681.29,664.6,664.8,3900396,
11-27-15,680.8,680.99,672.1,673.26,1446326,
11-25-15,675,679.7,671.24,675.34,2029983,
11-24-15,674.14,675.8,661.21,671.15,3393276,
11-23-15,671.5,682.77,670.12,678.99,3288573,
11-20-15,668.07,668.87,657.57,668.45,2848018,
11-19-15,664.94,672.86,659,661.27,3612347,
11-18-15,646.51,664.88,646.37,663.54,3171829,
11-17-15,651.8,653.25,641,643.3,3225385,
11-16-15,640.92,649.99,622.29,647.81,5764476,
11-13-15,663.57,667,640.45,642.35,4777290,
11-12-15,673,675.64,664.22,665.6,3119903,
11-11-15,664.33,675.96,663.25,673.25,4045769,
11-10-15,651.01,660,647.26,659.68,2440883,
11-09-15,658.65,661.96,647.84,655.49,2857941,
11-06-15,655,662.26,652,659.37,3029936,
11-05-15,646.94,657,643.09,655.65,3633730,
11-04-15,627.76,645.93,627.35,640.95,3618759,
11-03-15,629.53,629.89,622,625.31,2261478,
11-02-15,627.13,628.63,620.41,628.35,2043053,
10-30-15,625.78,630.72,625.28,625.9,2727266,
10-29-15,617.64,627.54,615.39,626.55,2995176,
10-28-15,612.3,617.23,609.5,617.1,2999479,
10-27-15,608.6,614.71,605.53,611.01,2644712,
10-26-15,601.44,609.85,596.29,608.61,3166463,
10-23-15,618.05,619.45,595.36,599.03,7952697,
10-22-15,562.75,569.15,556.67,563.91,4532216,
10-21-15,563.87,565.25,552.52,555.77,2504781,
10-20-15,572,573,555.28,560.88,3239311,
10-19-15,570.87,579,567.38,573.15,3324691,
10-16-15,565.13,570.94,560.31,570.76,3236500,
10-15-15,547.75,563,547,562.44,3752146,
10-14-15,551.34,552.25,539.68,544.83,2708053,
10-13-15,546.26,553.2,543.1,548.9,1956309,
10-12-15,539.96,550.82,539.8,550.19,2086603,
10-09-15,534.43,541.79,530.27,539.8,2549142,
10-08-15,536.3,539.39,519.89,533.16,3665191,
10-07-15,541.48,542,529,541.94,3035411,
10-06-15,545.5,551.5,533.33,537.48,3417096,
10-05-15,536.99,545.91,536,543.68,2624412,
10-02-15,510.49,532.6,508.1,532.54,3636721,
10-01-15,511,520.8,506,520.72,2931476,
09-30-15,505.4,512.8,501.67,511.89,2862452,
09-29-15,506,511.48,490.5,496.07,3052841,
09-28-15,520.03,520.28,494.33,504.06,4041791,
09-25-15,542.45,542.8,521.4,524.25,2998169,
09-24-15,530.55,534.56,522.87,533.75,2614796,
09-23-15,538.3,541.21,534,536.07,1733509,
09-22-15,539.83,543.55,532.66,538.4,2977567,
09-21-15,544.28,549.78,539.59,548.39,2519392,
09-18-15,534.62,546.24,531.35,540.26,4307732,
09-17-15,526.98,546.97,526.57,538.87,3105144,
09-16-15,521.98,528.3,518.52,527.39,1723422,
09-15-15,523.25,527.92,517.2,522.37,2228986,
09-14-15,529.44,532.45,518.58,521.38,2194285,
09-11-15,521.07,529.43,520.6,529.44,2380793,
09-10-15,515.15,526.13,514.78,522.24,1864034,
09-09-15,524,529.95,515.06,516.89,3204895,
09-08-15,508.69,518.35,508.51,517.54,2953397,
09-04-15,497.65,502.85,495.64,499,1933674,
09-03-15,514.5,515.84,502.57,504.72,2360712,
09-02-15,505.09,510.86,497.72,510.55,2787030,
09-01-15,499.14,510,493.43,496.54,2677458,
08-31-15,516.42,519.41,509.07,512.89,4225656,
08-28-15,517.03,521.5,513.04,518.01,1963996,
08-27-15,513.71,522.69,507.26,518.37,4122679,
08-26-15,484.02,503.72,478.76,500.77,4765705,
08-25-15,487.49,489.44,466.25,466.37,4019872,
08-24-15,463.15,489.76,451,463.37,7791250,
08-21-15,507.12,512.33,494.47,494.47,5108243,
08-20-15,530.39,533.25,515.77,515.78,3418870,
08-19-15,533.74,537.25,529,532.92,1750703,
08-18-15,535.04,539.49,533,535.02,1563650,
08-17-15,531.29,538.74,527.12,535.22,1949225,
08-14-15,528.26,534.11,528.25,531.52,1507638,
08-13-15,527.37,534.66,525.48,529.66,2137628,
08-12-15,523.75,527.5,513.06,525.91,3014528,
08-11-15,523.73,528.98,522,527.46,1969880,
08-10-15,528.79,532.28,523,524,1996494,
08-07-15,529.16,529.46,518.21,522.62,3158316,
08-06-15,539.82,542.74,527.52,529.46,3035757,
08-05-15,538.8,539.14,534.11,537.01,2117328,
08-04-15,529.99,536.95,529.17,531.9,2292499,
08-03-15,537.45,540.44,529.36,535.03,2330958,
07-31-15,538.85,542.84,534.52,536.15,2220080,
07-30-15,527.65,539.2,524.29,536.76,2958905,
07-29-15,530.92,532.97,525.02,529,3009249,
07-28-15,536,536.39,523.12,526.03,4101175,
07-27-15,527.75,544.95,526.6,531.41,6089173,
07-24-15,579,580.57,529.35,529.42,17596447,
07-23-15,491.66,491.66,475.7,482.18,4855914,
07-22-15,485.95,492.5,484.9,488.27,2425061,
07-21-15,487.9,488.88,482.55,488,2311330,
07-20-15,493.45,493.45,485.4,488.1,3576145,
07-17-15,477.7,485.42,477.25,483.01,3799954,
07-16-15,465.5,475.88,464.8,475.48,3005741,
07-15-15,463.05,464.7,460.2,461.19,2334539,
07-14-15,462.32,469.6,458.16,465.57,3699225,
07-13-15,448.29,457.87,447.54,455.57,3014454,
07-10-15,440.49,444.72,439,443.51,1794318,
07-09-15,434.9,438.72,434.15,434.39,1758169,
07-08-15,434.35,435.99,428.83,429.7,1795981,
07-07-15,435.68,437.73,425.57,436.72,1947955,
07-06-15,435.23,439.73,433.52,436.04,1371160,
07-02-15,437,438.2,433.48,437.71,952638,
07-01-15,439.35,440,435.58,437.39,1496836,
06-30-15,434.2,435.57,430.46,434.09,1841708,
06-29-15,434.91,437,429,429.86,4220680,
06-26-15,441.76,443.49,435.06,438.1,1633593,
06-25-15,438.07,443.47,436.39,440.1,1800746,
06-24-15,444.97,446.47,440.23,440.84,1970779,
06-23-15,435.59,447.04,433.69,445.99,2557547,
06-22-15,437.07,439.24,434.18,436.29,1314336,
06-19-15,440.26,444.99,433.24,434.92,3177680,
06-18-15,430.39,439.73,429.4,439.39,2686629,
06-17-15,428.36,431.35,424.75,427.81,1728119,
06-16-15,423.66,427.97,422.67,427.26,1362563,
06-15-15,427.66,428.05,422.64,423.67,1507041,
06-12-15,431.25,432.36,428.26,429.92,1444821,
06-11-15,432.29,438.89,431.47,432.97,2266859,
06-10-15,426.46,432.2,425.66,430.77,1599209,
06-09-15,422.96,427.49,419.14,425.48,1820817,
06-08-15,425.58,426.8,421.42,423.5,1725889,
06-05-15,429.66,430.8,426.5,426.95,1470301,
06-04-15,434.45,436.76,429.26,430.78,1993307,
06-03-15,434.05,438.39,432.75,436.59,2184346,
06-02-15,430.07,433.23,426.25,430.99,1272423,
06-01-15,430.4,433.16,426.2,430.92,1749388,
05-29-15,427.23,432.5,427.23,429.23,2235794,
05-28-15,429.71,431.35,425.47,426.57,1382600,
05-27-15,427.45,431.85,425.01,431.42,1626300,
05-26-15,426.21,427,422,425.47,1691400,
05-22-15,431.55,432.44,427.61,427.63,1514700,
05-21-15,428,436.9,428,431.63,3283800,
05-20-15,420.6,427.1,418.36,423.86,1640200,
05-19-15,425.31,428.24,420.63,421.71,1864300,
05-18-15,426,427.27,421.46,425.24,1743900,
05-15-15,428,430.4,424.3,426,3552400,
05-14-15,429.45,433,427.01,432.28,1392500,
05-13-15,429.98,433.53,425.8,426.87,1555600,
05-12-15,431.08,433.25,426.71,431.02,1473100,
05-11-15,432.64,439,431.37,432.85,1767300,
05-08-15,430.75,435.2,430.17,433.69,2230900,
05-07-15,423.82,428.5,422.85,426.88,2110900,
05-06-15,421.84,422.72,414.55,419.1,1998200,
05-05-15,423.37,427.51,421.02,421.19,2195500,
05-04-15,424.8,429.77,422.42,423.04,1596100,
05-01-15,423.82,425.64,416,422.87,2785800,
04-30-15,427.15,431.75,419.24,421.78,2774400,
04-29-15,426.8,434.24,426.03,429.37,2571100,
04-28-15,438.51,439,428.04,429.31,3244300,
04-27-15,443.86,446.99,437.41,438.56,4302500,
04-24-15,439.25,452.65,439,445.1,13127500,
04-23-15,390.21,391.88,386.15,389.99,3671300,
04-22-15,391.91,394.28,388,389.8,2836800,
04-21-15,391.31,394.6,386.8,391.18,3926900,
04-20-15,378.55,391.94,377,389.51,7357200,
04-17-15,382.63,383.56,374.4,375.56,2873800,
04-16-15,383.69,387.45,383.55,386.04,1569700,
04-15-15,384.69,385.78,381.64,383.45,1386400,
04-14-15,383.51,387.81,381.21,385.11,1984900,
04-13-15,383.53,385.28,380.14,382.36,1349600,
04-10-15,384.31,387.12,381.31,382.65,2025500,
04-09-15,380.66,384.42,378.79,383.54,1809900,
04-08-15,374.66,381.58,374.65,381.2,2051500,
04-07-15,376.15,379.31,374.03,374.41,1563600,
04-06-15,370.1,380.2,369.36,377.04,4670000,
04-02-15,370.5,373.28,369,372.25,1392500,
04-01-15,372.1,373.16,368.34,370.255,1934400,
03-31-15,373.24,377.7,371.51,372.1,1642800,
03-30-15,371.87,376.12,371.55,374.59,1359000,
03-27-15,367.11,373.17,366.57,370.56,1925700,
03-26-15,369.48,371.4,365.65,367.35,2212800,
03-25-15,375.17,380.5,370.28,370.96,2596600,
03-24-15,373.99,375.24,372.27,374.09,1715800,
03-23-15,378.07,381.77,374.94,375.11,1653900,
03-20-15,376.38,379.37,375.92,378.49,2298700,
03-19-15,373.87,377.11,372.19,373.24,1422900,
03-18-15,369.97,375.99,366.7,375.135,2066000,
03-17-15,371.11,374.5,369.64,371.92,1473400,
03-16-15,370.38,373.94,366.72,373.35,1773200,
03-13-15,371.52,373.99,366.68,370.58,2039100,
03-12-15,368.25,375.5,367.52,374.24,2176700,
03-11-15,370.61,373.35,366.26,366.37,1781800,
03-10-15,377.52,377.77,369.18,369.51,2267000,
03-09-15,378.4,379.33,375.28,378.56,1777700,
03-06-15,385.52,387,378.88,380.09,1843700,
03-05-15,385.61,388.42,383.89,387.83,2087700,
03-04-15,385.71,387.9,382.19,382.72,1776600,
03-03-15,383.95,386.1,381.6,384.61,1450500,
03-02-15,381.17,385.9,379.48,385.655,1582000,
02-27-15,384,385.99,379.79,380.16,1742500,
02-26-15,384.1,389.37,383.28,384.8,2164300,
02-25-15,376.98,387.85,376.54,385.37,2376300,
02-24-15,378.65,380.48,376.16,378.59,1434300,
02-23-15,383.44,384.54,378,380.14,1627900,
02-20-15,378.63,383.7,375.84,383.66,2532200,
02-19-15,373.49,381.88,373.43,378.995,2154100,
02-18-15,374.03,376.74,372.85,373.37,1771400,
02-17-15,377.72,379.99,372.67,375.43,2636200,
02-13-15,378.21,383,377.01,381.83,2789600,
02-12-15,374.37,378.51,373.15,377.17,2173500,
02-11-15,371.28,377.1,371.1,375.14,2197600,
02-10-15,371.19,374.3,368.51,372.995,1779000,
02-09-15,370.64,374.41,367.2,370.56,2117800,
02-06-15,373.96,375.99,371.01,374.28,3105100,
